tiempo,coste
45.0,15614.199999999995
36.0,16021.399999999996
37.0,15827.199999999995
38.0,15760.399999999998
41.0,15677.999999999998
39.0,15730.6
47.0,15592.999999999998
43.0,15656.799999999996
